ttftSeconds,totalSeconds,outputTokens,promptTokens,tps_wall,tps_ollama,load_s,prompt,run
0.46428600000217557,3.4659644000057597,30,38,9.661261512880719,9.995565300861518,0.0073892,short,0
0.12704930000472814,3.807584299996961,37,38,9.781186702497319,10.051225937161366,0.0054352,short,1
0.1565433999930974,4.158063700015191,37,38,8.996580624569425,9.240039237701758,0.0047406,short,2
0.13311500000418164,3.7638431999948807,37,38,9.915366289355457,10.187182596988173,0.004825,short,3
0.12986950000049546,3.7571376000123564,37,38,9.924824691034633,10.196871269185277,0.003779,short,4
0.13238850000198,3.740076099988073,37,38,9.978691059652386,10.256967530321814,0.0042015,short,5
0.14481279999017715,3.8464928999892436,37,38,9.725313648796686,9.993039982693135,0.0047247,short,6
0.14702909998595715,3.8503238999983296,37,38,9.721073245338104,9.987496733818634,0.00714,short,7
0.13796769999316894,3.8925285000004806,37,38,9.588338534810754,9.851025864534018,0.004169,short,8
0.14383419998921454,4.094814099982614,37,38,9.111663666033873,9.36007210797172,0.0031202,short,9
0.5354633000097238,22.513385400001425,205,48,9.282042181780097,9.326742495964591,0.0052748,medium,0
0.2530246999813244,24.639688499999465,216,48,8.8162940926688,8.857120620615161,0.0037642,medium,1
0.17779829999199137,26.40640439998242,224,48,8.502167410264374,8.540059972571157,0.0032019,medium,2
0.18533310000202619,25.820768699981272,216,48,8.386828425890842,8.425134798256247,0.0039606,medium,3
0.1588566999998875,28.108475300017744,247,48,8.801551231180051,8.837009481574514,0.0042393,medium,4
0.16909760000999086,25.37624959999812,210,48,8.291297644418474,8.330722048672124,0.0052357,medium,5
0.18106680002529174,25.34726970002521,210,48,8.30478880069749,8.344250725820675,0.0089727,medium,6
0.3019725999911316,26.6202088999853,201,48,7.599293422258858,7.635827698649667,0.0075863,medium,7
0.22250789997633547,30.8563258999784,229,48,7.442754931820272,7.475685089409847,0.0189758,medium,8
0.2165118999837432,29.24031239998294,217,48,7.4421680234470315,7.476188340136664,0.0066055,medium,9
8.058149699994829,24.2615541999985,54,1036,3.270917540816067,3.3278087599512265,0.0082594,large,0
0.40410939999856055,13.130105999996886,52,1036,4.0075446821985405,4.079184821980844,0.0105088,large,1
0.8260923000052571,14.711385700007668,51,1036,3.600932192040776,3.6698834754429748,0.0204865,large,2
0.3112148999935016,9.938746100000571,35,1036,3.5315388019698166,3.634081244558612,0.0133176,large,3
1.0348917999945115,12.287218299985398,57,1036,4.976748586174189,5.0489781886799605,0.0084794,large,4
0.24347169999964535,12.407313900010195,63,1036,5.097073686137282,5.1787992781247025,0.0078926,large,5
0.306660300004296,13.51775309999357,62,1036,4.617331883404038,4.69223906685593,0.0092514,large,6
0.36144949999288656,12.274525200016797,53,1036,4.364951697561666,4.445903670185753,0.0107652,large,7
0.24826260001282208,11.24894759999006,53,1036,4.726978365447933,4.817813912392144,0.0076966,large,8
0.47157910000532866,11.03135510001448,57,1036,5.303142793933458,5.395895427546614,0.0176292,large,9
